BEGIN TRANSACTION;
CREATE TABLE IF NOT EXISTS "Mascotas" (
	"ID_M"	INTEGER,
	"Especie"	text NOT NULL,
	"Nombre"	text NOT NULL,
	PRIMARY KEY("ID_M")
);
CREATE TABLE IF NOT EXISTS "Veterinarios" (
	"ID_V"	INTEGER,
	"Nombre"	text NOT NULL,
	"Apellido"	text NOT NULL,
	PRIMARY KEY("ID_V")
);
CREATE TABLE IF NOT EXISTS "Amos" (
	"ID_A"	INTEGER,
	"Nombre"	TEXT NOT NULL,
	"Apellido"	TEXT NOT NULL,
	"Ciudad"	TEXT NOT NULL,
	"Dirección"	TEXT NOT NULL,
	PRIMARY KEY("ID_A")
);
CREATE TABLE IF NOT EXISTS "Citas" (
	"Código"	INTEGER,
	"Fecha"	text NOT NULL,
	"ID_Mascotas"	INTEGER,
	"ID_Amos"	INTEGER,
	"ID_Veterinarios"	INTEGER,
	FOREIGN KEY("ID_Mascotas") REFERENCES "Mascotas"("ID_M"),
	FOREIGN KEY("ID_Veterinarios") REFERENCES "Veterinarios"("ID_V"),
	FOREIGN KEY("ID_Amos") REFERENCES "Amos"("ID_A"),
	PRIMARY KEY("Código")
);
INSERT INTO "Mascotas" ("ID_M","Especie","Nombre") VALUES (1,'Perro','Zeus'),
 (2,'Gato','Garfield'),
 (3,'Perro','Doky'),
 (4,'Gato','Michis'),
 (5,'Gato','Mateo'),
 (6,'Perro','Mia'),
 (7,'Gato','Poseidon'),
 (8,'Perro','Lucas'),
 (9,'Perro','Channel'),
 (10,'Perro','Princesa'),
 (11,'Gato','Chiqui'),
 (12,'Gato','Felix'),
 (13,'Perro','Rocky'),
 (14,'Gato','Tom'),
 (15,'Perro','Luigi'),
 (16,'Gato','Mario'),
 (17,'Hamster','Alvin'),
 (18,'Hamster','Aquiles'),
 (19,'Conejo','Blanco'),
 (20,'Conejo','Negro'),
 (21,'Perro','Joshua'),
 (22,'Gato','Tiger'),
 (23,'Gato','Figaro');
INSERT INTO "Veterinarios" ("ID_V","Nombre","Apellido") VALUES (1,'Alfred','Gutierrez'),
 (2,'Astrid','De La Cruz'),
 (3,'Tomas','Santamaria'),
 (4,'Elcy','Garro'),
 (5,'Fabian','Mosquera'),
 (6,'Gloria','Manrique'),
 (7,'Javier','Muñoz'),
 (8,'Omar','Montes'),
 (9,'Emilia','Balvin'),
 (10,'Juancho','Betancur'),
 (11,'Pablo','Quintero'),
 (12,'Sebastian','Parada'),
 (13,'Camila','Garces'),
 (14,'Carlos','Zapata'),
 (15,'Camilo','Gaviria'),
 (16,'Petro','Henao'),
 (17,'Juliana','Ceballos'),
 (18,'Samantha','Gomez'),
 (19,'Mariana','Morales'),
 (20,'Karol','Lizarazu');
INSERT INTO "Amos" ("ID_A","Nombre","Apellido","Ciudad","Dirección") VALUES (1,'Juan','Ramirez','Medellin','Cr 75 # 23-32'),
 (2,'Juan Camilo','Bedoya','Medellin','Cr 75 # 65-85'),
 (3,'Jorge','Caballero','Envigado','Cr 82 # 55-7'),
 (4,'Luis','Mejia','Sabaneta','Cl 14 # 14-45'),
 (5,'Mario','Molina','Itagui','Cl 45 # 17-45'),
 (6,'Manuel','Morato','Medellin','Cl 45 # 30-33'),
 (7,'Miguel','Agudelo','Medellin','Cr 52 # 5-7'),
 (8,'Mariana','Velasquez','Medellin','Cr 45 # 2-22'),
 (9,'Alejandra','Lis','Medellin','Cl 29 # 14-22'),
 (10,'Alfredo','Rodriguez','Sabaneta','Cl 48 # 7-14'),
 (11,'Juana','Ramirez','Sabaneta','Cl 5 # 2-4'),
 (12,'Julian','Echeverri','Itagui','Cr 40 # 7-8'),
 (13,'Jaime','Echeverri','Medellin','Cr 30 # 45-50'),
 (14,'Felipe','Villaleal','Medellin','Cr 31 # 70-75'),
 (15,'Juan Pablo','Villa','Itagui','Cr 10 # 45-55'),
 (16,'Alejandro','Zapata','Medellin','Cl 19 # 70-65'),
 (17,'Daniel','Arcila','Medellin','Cr 9 # 14-17'),
 (18,'Daniela','Montoya','La Estrella','Cr 4 # 20-29'),
 (19,'Alix','Velez','La Estrella','Cr 70 # 25-32'),
 (20,'Isabela','Velasquez','Medellin','Cr 65 # 19-27');
INSERT INTO "Citas" ("Código","Fecha","ID_Mascotas","ID_Amos","ID_Veterinarios") VALUES (100,'06/06/2023',1,1,1),
 (101,'08/06/2023',2,2,1),
 (102,'10/06/2023',3,3,1),
 (103,'11/01/2023',1,1,2),
 (104,'20/01/2023',1,1,3),
 (105,'29/01/2023',4,2,3),
 (106,'07/02/2023',5,2,4),
 (107,'08/06/2023',6,4,5),
 (108,'30/08/2023',7,4,5),
 (109,'30/08/2023',8,5,6),
 (110,'30/08/2023',9,6,7),
 (111,'06/06/2023',10,7,8),
 (112,'08/06/2023',11,8,9),
 (113,'02/01/2023',12,9,10),
 (114,'20/01/2023',14,10,11),
 (115,'20/07/2023',13,11,12),
 (116,'30/12/2023',15,12,1),
 (117,'06/12/2023',15,12,1),
 (118,'05/06/2023',16,13,13),
 (119,'04/06/2023',17,14,14),
 (120,'08/06/2023',18,15,15),
 (121,'09/07/2023',19,16,16),
 (122,'10/07/2023',20,17,17),
 (123,'15/06/2023',21,18,18),
 (124,'15/03/2023',22,19,19),
 (125,'16/09/2023',23,20,20);
COMMIT;
